{
  "generations": [
    0,
    1,
    2
  ],
  "best_fitness": [
    -1.1352696456597187,
    -0.3319427115760239,
    -1.1556035317698843
  ],
  "best_theta": [
    [
      0.9943065614302078,
      1.456920379789116
    ],
    [
      1.1884405117524297,
      1.5816048152202105
    ],
    [
      1.4775031340447524,
      1.5502904896446235
    ]
  ],
  "all_fitnesses": [
    [
      -2.453611296135932,
      -1.1352696456597187
    ],
    [
      -1.432147183183891,
      -0.3319427115760239
    ],
    [
      -1.1556035317698843,
      -1.2643447418101157
    ]
  ],
  "all_candidates": [
    [
      [
        0.9490142459033698,
        0.9585196726534234
      ],
      [
        0.9943065614302078,
        1.456920379789116
      ]
    ],
    [
      [
        0.845292315526838,
        1.4984007071356926
      ],
      [
        1.1884405117524297,
        1.5816048152202105
      ]
    ],
    [
      [
        1.4775031340447524,
        1.5502904896446235
      ],
      [
        1.2066401598522767,
        1.037752284141999
      ]
    ]
  ]
}