{
  "generations": [
    0,
    1,
    2,
    3,
    4,
    5,
    6,
    7,
    8,
    9
  ],
  "best_fitness": [
    -0.31043762731678726,
    -0.6551701509063909,
    -1.6848092772027787,
    -0.43559489242015087,
    -0.5185593019141379,
    -1.0925759112772842,
    -0.636644525839074,
    -0.36842738683481,
    -0.5626761643056852,
    -0.5969423414596046
  ],

  "best_theta": [
    [
      0.9943065614302078,
      1.456920379789116
    ],
    [
      1.152756848690675,
      1.687870056352502
    ],
    [
      0.7582925880416107,
      0.9164723279453775
    ],
    [
      0.8962910005041893,
      1.0586637797552747
    ],
    [
      1.1200779367611222,
      1.2295371131595532
    ],
    [
      1.1548297739206737,
      0.9403132295932599
    ],
    [
      1.4591109514866527,
      1.0432421753312537
    ],
    [
      1.3128412423434535,
      0.942668489895513
    ],
    [
      0.8669346423031506,
      0.7260969052303098
    ],
    [
      1.1789918148946261,
      1.1125762892502802
    ]
  ],
  "all_fitnesses": [
    [
      -1.3706691030723352,
      -0.31043762731678726,
      -1.0638483569879706,
      -0.6210668990267246,
      -0.5856197846220917
    ],
    [
      -2.234856189352248,
      -0.697366522741504,
      -0.6551701509063909,
      -2.7879361351175853,
      -2.066334630653728
    ],
    [
      -2.600349069262544,
      -2.437838611581052,
      -2.351292372952836,
      -2.073383846630653,
      -1.6848092772027787
    ],
    [
      -0.7427495532319881,
      -0.43559489242015087,
      -2.186234147089029,
      -1.5935325995087624,
      -1.3244270950715418
    ],
    [
      -1.7442352148937061,
      -1.3462439787011438,
      -2.762944196971754,
      -0.5185593019141379,
      -2.210573321169553
    ],
    [
      -1.323064970966044,
      -2.34787824889645,
      -1.2102371588871392,
      -1.8925000329812367,
      -1.0925759112772842
    ],
    [
      -1.0411232618110564,
      -2.066685025250384,
      -2.0762183496650928,
      -1.3140947568463162,
      -0.636644525839074
    ],
    [
      -2.70745552626128,
      -2.541112200880889,
      -2.2737858730833977,
      -0.36842738683481,
      -1.0905777929195513
    ],
    [
      -2.1313011019471255,
      -0.5880370335583317,
      -0.5626761643056852,
      -1.8797499570452298,
      -1.901486436331955
    ],
    [
      -1.1684782224619994,
      -2.139876327069942,
      -1.1211087624360516,
      -0.5969423414596046,
      -1.2959681487409398
    ]
  ],

  "mean_fitnesses": [
    -0.9279585835877877,
    -1.7083053797890792,
    -2.209517701999672,
    -1.5395685384631805,
    -1.9244629469351086,
    -1.5111957982102078,
    -1.4260056587748816,
    -1.8950812762611894,
    -1.3978015192784388,
    -1.270601452562644
  ],

  "std_fitnesses": [
    0.4416584768967948,
    0.9184328789714192,
    0.3618272010964899,
    0.6440428169079014,
    0.9587696598358036,
    0.4521271179137373,
    0.5714223884722037,
    1.0281229092055835,
    0.6724493163280868,
    0.747448701809343
  ],

  "all_candidates": [
    [
      [
        0.9490142459033698,
        0.9585196726534234
      ],
      [
        0.9943065614302078,
        1.456920379789116
      ],
      [
        0.7297539875829993,
        0.9297571568661182
      ],
      [
        1.2737638446522175,
        1.2302361745782888
      ],
      [
        0.6591576842195144,
        1.1627720823269818
      ]
    ],
    [
      [
        0.7549437895654597,
        1.4191050063386828
      ],
      [
        0.8262330565078646,
        1.1957064520409977
      ],
      [
        1.152756848690675,
        1.687870056352502
      ],
      [
        0.7685414361792102,
        1.1623307231816962
      ],
      [
        1.1784912779100114,
        1.2524003268360593
      ]
    ],
    [
      [
        1.2001500490640855,
        1.7704878816281542
      ],
      [
        1.0608809376658936,
        1.4308227410410874
      ],
      [
        1.3898204588327625,
        1.1524629845571703
      ],
      [
        1.3192833953767558,
        1.9158481570434158
      ],
      [
        0.7582925880416107,
        0.9164723279453775
      ]
    ],
    [
      [
        1.3140805500329384,
        1.3765844873978046
      ],
      [
        0.8962910005041893,
        1.0586637797552747
      ],
      [
        0.5887772473054503,
        1.0261641905888492
      ],
      [
        0.7877009952338077,
        1.3312734128718569
      ],
      [
        1.09401080101233,
        1.0863215334763672
      ]
    ],
    [
      [
        1.254162050711008,
        1.2664888702546462
      ],
      [
        1.0858041886482994,
        0.9986727184027043
      ],
      [
        0.9045868400302414,
        1.2579823968420145
      ],
      [
        1.1200779367611222,
        1.2295371131595532
      ],
      [
        1.065256413541093,
        1.3567319743812176
      ]
    ],
    [
      [
        1.215169247534377,
        1.053686900951011
      ],
      [
        0.9233835645974622,
        0.8363048966049368
      ],
      [
        1.3326207162638455,
        1.3536055382086476
      ],
      [
        0.9783912556791197,
        0.8826361568760831
      ],
      [
        1.1548297739206737,
        0.9403132295932599
      ]
    ],
    [
      [
        1.3897802206853866,
        1.381959477631093
      ],
      [
        1.1406256310954754,
        1.491168007630336
      ],
      [
        1.3596536616364239,
        0.9262293099180301
      ],
      [
        1.177661370163291,
        0.9540466227210599
      ],
      [
        1.4591109514866527,
        1.0432421753312537
      ]
    ],
    [
      [
        1.2872753524346918,
        1.260050807738455
      ],
      [
        1.4631928220877848,
        1.2384616118953777
      ],
      [
        0.941273220561954,
        1.3167564604385842
      ],
      [
        1.3128412423434535,
        0.942668489895513
      ],
      [
        1.153140821820764,
        0.8273881927619542
      ]
    ],
    [
      [
        1.2131398006036136,
        0.5002389792820727
      ],
      [
        1.4502143540662409,
        0.5869344084442659
      ],
      [
        0.8669346423031506,
        0.7260969052303098
      ],
      [
        1.187969880264959,
        0.955847993252278
      ],
      [
        1.1394655360026906,
        1.1855960094750246
      ]
    ],
    [
      [
        0.8819431959970427,
        0.9242785089216456
      ],
      [
        0.6927472543690657,
        0.7614112938512476
      ],
      [
        1.2161058584333602,
        0.5697087106945493
      ],
      [
        1.1789918148946261,
        1.1125762892502802
      ],
      [
        1.0259629618118178,
        0.5111470121308855
      ]
    ]
  ]
}