{
  "generations": [
    0,
    1,
    2
  ],
  "best_fitness": [
    -1.9851970654854085,
    -0.3632151494190718,
    -1.8444112018720868
  ],
  "best_theta": [
    [
      0.9490142459033698,
      0.08141101923438737,
      1.194313038423538
    ],
    [
      0.7501669148923539,
      0.09469466405053323,
      1.2248830635135413
    ],
    [
      0.8774094910062562,
      0.06523230459399883,
      1.476524046708302
    ]
  ],
  "all_fitnesses": [
    [
      -1.9851970654854085,
      -2.8501312699712193
    ],
    [
      -0.3632151494190718,
      -1.0991853613522835
    ],
    [
      -1.8444112018720868,
      -2.900816922153657
    ]
  ],
  "all_candidates": [
    [
      [
        0.9490142459033698,
        0.08141101923438737,
        1.194313038423538
      ],
      [
        1.2569089569224077,
        0.07104512161711139,
        0.9297565715066531
      ]
    ],
    [
      [
        0.7501669148923539,
        0.09469466405053323,
        1.2248830635135413
      ],
      [
        0.731493583470515,
        0.14653102753984937,
        0.764133808864551
      ]
    ],
    [
      [
        0.8774094910062562,
        0.06523230459399883,
        1.476524046708302
      ],
      [
        0.4633245980257046,
        0.1373728749081206,
        1.2027648468872016
      ]
    ]
  ]
}