{
  "generations": [
    0,
    1,
    2,
    3,
    4,
    5,
    6,
    7,
    8,
    9
  ],
  "best_fitness": [
    -0.0025256891658500535,
    -0.0008619401960459072,
    -0.0016938050648604985,
    -0.3046156510245055,
    -0.07801019732141867,
    -0.021651152623235248,
    -0.07324110611807555,
    -0.10834414034616202,
    -0.0005084948902549513,
    -0.03406115324469283
  ],
  "best_theta": [
    [
      0.9579212815507392,
      1.0767453915260963
    ],
    [
      0.8530219119307072,
      1.0845099049281024
    ],
    [
      0.918574976880871,
      1.1476104641207237
    ],
    [
      0.8556369045534651,
      1.2235276228106138
    ],
    [
      0.8056556527204708,
      1.3071451187196383
    ],
    [
      0.7486423172870581,
      1.3194451940988035
    ],
    [
      0.6886149395260799,
      1.3317525765231109
    ],
    [
      0.7618617108661511,
      1.2436974709151072
    ],
    [
      0.79693023083905,
      1.2722695708074014
    ],
    [
      0.6982212684642178,
      1.360401840011867
    ]
  ],
  "all_fitnesses": [
    [
      -0.4123221826739609,
      -0.41084031388163567,
      -0.15590719669125974,
      -0.0025256891658500535,
      -0.018905276112491265
    ],
    [
      -0.0008619401960459072,
      -0.035043392883380875,
      -0.8436588905751705,
      -0.04769210435915738,
      -0.4430860630236566
    ],
    [
      -0.144683011691086,
      -0.0016938050648604985,
      -0.008924692301661707,
      -0.4077500579878688,
      -0.903267222456634
    ],
    [
      -0.37338035623542964,
      -0.7453008498996496,
      -0.970592588186264,
      -0.3046156510245055,
      -0.37201738473959267
    ],
    [
      -0.1467014626832679,
      -0.12580909579992294,
      -0.21657329169102013,
      -0.07801019732141867,
      -0.6153442016802728
    ],
    [
      -0.021651152623235248,
      -0.9294091211631894,
      -0.6345866704359651,
      -0.901689114049077,
      -0.07567350479075685
    ],
    [
      -0.7555682854726911,
      -0.3846248451154679,
      -0.07324110611807555,
      -0.5618105353787541,
      -0.3780261976644397
    ],
    [
      -0.31673759687691927,
      -0.5966592384502292,
      -0.10834414034616202,
      -0.8026935094967484,
      -0.12980813579633832
    ],
    [
      -0.5228063752874732,
      -0.0005084948902549513,
      -0.9763362687081099,
      -0.27674800460226834,
      -0.12220334284938872
    ],
    [
      -0.403795241843909,
      -0.8721197582781315,
      -0.03406115324469283,
      -0.13004683912731707,
      -0.9644181840121746
    ]
  ],
  "all_candidates": [
    [
      [
        0.8496714153011233,
        0.9861732242178078
      ],
      [
        0.8647688538100693,
        1.1523067932630386
      ],
      [
        0.7765846625276664,
        0.9765857189553727
      ],
      [
        0.9579212815507392,
        1.0767453915260963
      ],
      [
        0.7530525614065048,
        1.0542573607756607
      ]
    ],
    [
      [
        0.8530219119307072,
        1.0845099049281024
      ],
      [
        1.0955393775559732,
        1.1151271997964773
      ],
      [
        0.9485315291275622,
        1.156893956091629
      ],
      [
        1.065694975110814,
        1.277687255856463
      ],
      [
        0.8090352760448323,
        1.077425406086497
      ]
    ],
    [
      [
        0.8725609111209202,
        1.0065528053506647
      ],
      [
        0.918574976880871,
        1.1476104641207237
      ],
      [
        0.7397951358901456,
        1.0405227903197958
      ],
      [
        1.0060349999599514,
        1.1465346456667684
      ],
      [
        1.0532384506708574,
        1.0986390816978286
      ]
    ],
    [
      [
        0.8092142858825272,
        1.1160768428826473
      ],
      [
        0.9064433268211963,
        1.2437780443414608
      ],
      [
        0.9321137453054825,
        1.1111343993688403
      ],
      [
        0.8556369045534651,
        1.2235276228106138
      ],
      [
        0.8134309202308357,
        1.1626987145300811
      ]
    ],
    [
      [
        0.7825253762807917,
        1.2147371904708317
      ],
      [
        0.7485428773168646,
        1.2961370971586126
      ],
      [
        0.9169613866102436,
        1.1820741452758459
      ],
      [
        0.8056556527204708,
        1.3071451187196383
      ],
      [
        0.8858761579244261,
        1.1918619425850523
      ]
    ],
    [
      [
        0.7486423172870581,
        1.3194451940988035
      ],
      [
        0.9005714789563213,
        1.3162991951907241
      ],
      [
        0.6576010460524183,
        1.417452927591911
      ],
      [
        0.6220676975617667,
        1.3260977496819577
      ],
      [
        0.47890050246511384,
        1.0640841840361563
      ]
    ],
    [
      [
        0.565613916495202,
        1.2384840760250413
      ],
      [
        0.7636185986122856,
        0.8378258044275256
      ],
      [
        0.6886149395260799,
        1.3317525765231109
      ],
      [
        0.4952442975642526,
        1.0930121745652657
      ],
      [
        0.8144918436678126,
        1.1749763972228326
      ]
    ],
    [
      [
        0.5875239910675957,
        1.2773474281762556
      ],
      [
        0.7230879118633434,
        1.3944842762637388
      ],
      [
        0.7618617108661511,
        1.2436974709151072
      ],
      [
        0.6162699533264321,
        1.2129406569062982
      ],
      [
        0.9551301830985991,
        1.4113139849186418
      ]
    ],
    [
      [
        0.9472597810514661,
        1.384892327034475
      ],
      [
        0.79693023083905,
        1.2722695708074014
      ],
      [
        0.9672409951786748,
        1.3473379395621883
      ],
      [
        0.6973455920458921,
        1.5638092302331006
      ],
      [
        0.8155165825334741,
        1.3289342849698573
      ]
    ],
    [
      [
        0.7514840063276114,
        1.268302740418131
      ],
      [
        0.7995336766686213,
        1.400183109466612
      ],
      [
        0.6982212684642178,
        1.360401840011867
      ],
      [
        0.8400982002925678,
        1.309096392229999
      ],
      [
        0.798439106663723,
        1.3619193403403846
      ]
    ]
  ]
}