{
  "generations": [
    0,
    1,
    2,
    3,
    4,
    5,
    6,
    7,
    8,
    9
  ],
  "best_fitness": [
    -0.5863387738139257,
    -1.0813388953877923,
    -0.5779383577949678,
    -1.4041076347736332,
    -1.0032051232410595,
    -0.8083403834049628,
    -0.778142953873612,
    -0.8260992300105651,
    -0.6241864911668623,
    -0.7490346880255553
  ],

  "AUC": 0.9,

  "best_theta": [
    [
      1.2737638446522175,
      0.2151152093729363,
      0.8591529893974084
    ],
    [
      0.47144301686882517,
      0.44619090687171037,
      0.525932114401258
    ],
    [
      0.3009674698234229,
      0.28229107806837783,
      0.9457294271109928
    ],
    [
      0.8402031688551665,
      0.21148940944054903,
      0.8117027022284993
    ],
    [
      1.2382047288102316,
      0.17362233470957597,
      1.067830696616692
    ],
    [
      1.2271948867245337,
      0.3126841446449648,
      1.1601519608065973
    ],
    [
      1.1864166962967087,
      0.2815923310270341,
      0.6602313941658575
    ],
    [
      1.4500326567457011,
      0.3947966875064856,
      0.6923719847136293
    ],
    [
      1.498913443533838,
      0.1611868542650333,
      0.9331080053238017
    ],
    [
      1.499683333474264,
      0.2000301110168639,
      1.062926885570959
    ]
  ],
  "all_fitnesses": [
    [
      -1.0931069481302984,
      -0.5991681092782528,
      -0.5863387738139257,
      -1.8350892211310565,
      -3.3385929949581623
    ],
    [
      -2.3772105670844517,
      -2.1556034883348425,
      -2.5924566766091934,
      -1.4409189695531193,
      -1.0813388953877923
    ],
    [
      -1.5930169688072056,
      -0.5779383577949678,
      -1.62205646317913,
      -0.7014201017154846,
      -0.6476453382620472
    ],
    [
      -2.2856804371501007,
      -1.4041076347736332,
      -1.5011043759028933,
      -1.695016171472768,
      -1.4854349643719615
    ],
    [
      -1.5596356991833698,
      -1.4346208126573383,
      -2.0583340170948454,
      -1.7376793237728332,
      -1.0032051232410595
    ],
    [
      -1.1703773247815359,
      -1.4384417931432836,
      -1.8911888971924782,
      -2.179929283525174,
      -0.8083403834049628
    ],
    [
      -1.7616355988235834,
      -2.510488387507697,
      -2.2661116445233347,
      -0.778142953873612,
      -0.9202172887356331
    ],
    [
      -0.8260992300105651,
      -1.7394801969833982,
      -3.0888375672511756,
      -2.4011760612872117,
      -2.3354272494616453
    ],
    [
      -1.3666892170440406,
      -0.6241864911668623,
      -1.9383690677738439,
      -0.9942555141475206,
      -0.8968084032142846
    ],
    [
      -1.5336197560148623,
      -1.1429246994302957,
      -1.730234398894633,
      -0.7490346880255553,
      -1.3089153210797424
    ]
  ],

  "mean_fitnesses": [
    -1.9304392109409396,
    -1.9254435776582017,
    -1.1080249727518605,
    -1.7846887749421032,
    -1.7547746520515194,
    -1.4979844994657456,
    -1.9075988045761498,
    -2.1301088090007793,
    -1.5809375949961483,
    -1.452447821503747
  ],

  "std_fitnesses": [
    0.9187698966444418,
    0.4529718169074199,
    0.4324898358278092,
    0.1616589132050425,
    0.4480969015833166,
    0.4975579426591103,
    0.7221177743437947,
    0.9358194271227144,
    0.5470862737372038,
    0.2694433069027011
  ],

  "all_candidates": [
    [
      [
        0.9490142459033698,
        0.08141101923438737,
        1.194313038423538
      ],
      [
        1.2569089569224077,
        0.07104512161711139,
        0.9297565715066531
      ],
      [
        1.2737638446522175,
        0.2151152093729363,
        0.8591529893974084
      ],
      [
        0.9627680130757894,
        0.05464739135443855,
        0.8602764165537647
      ],
      [
        0.8725886814698103,
        0.18699203669866962,
        0.5052836555274473
      ]
    ],
    [
      [
        1.2366066134046179,
        0.303557713203978,
        1.110691556431126
      ],
      [
        1.4594565681057254,
        0.2183466625865756,
        0.9984569872338783
      ],
      [
        1.3437706682205337,
        0.1124625689448821,
        0.9729066835852418
      ],
      [
        1.4733979265325463,
        0.2688462157044456,
        0.6462406264787455
      ],
      [
        0.47144301686882517,
        0.44619090687171037,
        0.525932114401258
      ]
    ],
    [
      [
        0.7184689047192172,
        0.4599797424607546,
        0.5005814913766401
      ],
      [
        0.3009674698234229,
        0.28229107806837783,
        0.9457294271109928
      ],
      [
        0.4356622587941754,
        0.35922984227377186,
        0.5000338634376265
      ],
      [
        1.2786344739413815,
        0.48144864111555036,
        0.835910013926441
      ],
      [
        0.583295145663699,
        0.4844486445689033,
        0.7176653039981986
      ]
    ],
    [
      [
        0.6870456326023857,
        0.3785780143557987,
        0.8428378454585287
      ],
      [
        0.8402031688551665,
        0.21148940944054903,
        0.8117027022284993
      ],
      [
        0.47550673089887807,
        0.49556371781585506,
        0.7414748014659783
      ],
      [
        0.39316044008925005,
        0.08149681402981748,
        1.1449123072205403
      ],
      [
        0.47163577357921216,
        0.34277482104879003,
        1.0545018623818243
      ]
    ],
    [
      [
        0.7668416623997049,
        0.28093406840767327,
        0.8742189514790045
      ],
      [
        0.7243550558145943,
        0.11507309263677454,
        1.1597309886923513
      ],
      [
        0.7080221376499902,
        0.16480530974531588,
        0.9953768898266678
      ],
      [
        0.8648072556834975,
        0.4108834905742289,
        0.5430172970906143
      ],
      [
        1.2382047288102316,
        0.17362233470957597,
        1.067830696616692
      ]
    ],
    [
      [
        1.1325061583738378,
        0.23991445385066457,
        0.9743838802114136
      ],
      [
        0.5651465981401392,
        0.19653460940116502,
        1.0981405077056954
      ],
      [
        1.4995557634737309,
        0.26853386105245713,
        1.1050898221515573
      ],
      [
        0.7496546179502737,
        0.19179815022010116,
        1.1017373509855515
      ],
      [
        1.2271948867245337,
        0.3126841446449648,
        1.1601519608065973
      ]
    ],
    [
      [
        1.49818987961369,
        0.25910772712703634,
        1.1009406824193742
      ],
      [
        0.9486650986801677,
        0.1481276375583927,
        1.2688491830091042
      ],
      [
        1.4468138507003625,
        0.2990650153493303,
        1.2461400848533146
      ],
      [
        1.1864166962967087,
        0.2815923310270341,
        0.6602313941658575
      ],
      [
        1.4593844599693697,
        0.2953096761471404,
        1.224452083138176
      ]
    ],
    [
      [
        1.4500326567457011,
        0.3947966875064856,
        0.6923719847136293
      ],
      [
        1.4931472311182983,
        0.3079627439694466,
        0.7929072531395226
      ],
      [
        1.3292338218978097,
        0.18737312236619028,
        1.2619524031941693
      ],
      [
        0.9181013577060033,
        0.4037661218964293,
        0.8198757522268018
      ],
      [
        1.4984116084963475,
        0.45406463783229045,
        0.64205027691146
      ]
    ],
    [
      [
        1.4298906560120077,
        0.4674418444982833,
        0.6301459150134495
      ],
      [
        1.498913443533838,
        0.1611868542650333,
        0.9331080053238017
      ],
      [
        1.1964505736730322,
        0.4101588207332417,
        0.978367590763474
      ],
      [
        1.3094894063528217,
        0.3938244059978904,
        0.7483977368524832
      ],
      [
        1.239509805591526,
        0.3540747225809985,
        0.8467680049313903
      ]
    ],
    [
      [
