{
  "generations": [
    0
  ],
  "best_fitness": [
    -16117.6943359375
  ],
  "best_theta": [
    [
      0.39967141530112327,
      0.3861733394404593,
      2.064771012807846
    ]
  ],
  "all_fitnesses": [
    [
      -16117.6943359375,
      -16117.6943359375
    ]
  ],
  "all_candidates": [
    [
      [
        0.39967141530112327,
        0.3861733394404593,
        2.064771012807846
      ],
      [
        0.5023029856408026,
        0.37658427226878977,
        1.976585523835551
      ]
    ]
  ]
}